編號,資料集名稱,資料來源(部會單位),第一層級,第二層級,第三層級,資料量,下載次數,瀏覽次數,主要欄位
1,嘉義市AED（自動體外心臟去顫器）設置地點,嘉義市政府衛生局,嘉義市政府,衛生局,,212,,,"主管機關,辦理單位,設置地點,裝設位置(地址),擺放地點備註,設備來源,X坐標,Y坐標,最後更新時間"
2,嘉義市政府消防局各廳舍駐地通訊聯絡表,嘉義市政府,嘉義市政府,,,10,,,"項次,名稱,住址,電話,備註"
3,嘉義市政府警察局、分局、派出所地點,嘉義市政府警察局,嘉義市政府,警察局,,15,,,"項次,單位別,地址"
4,嘉義市衛生所,嘉義市政府衛生局,嘉義市政府,衛生局,,2,,,"性質,主管機關,辦理單位,單位名稱,連絡電話,傳真,電子郵件,地址,相關網站,X坐標,Y坐標,備註,最後更新時間"
5,嘉義市聯合里辦公室,嘉義市政府,嘉義市政府,,,9,,,"主管機關,單位名稱,承辦里別,連絡電話,傳真,電子郵件,地址,相關網站,X坐標,Y坐標,備註,最後更新時間"
6,嘉義市社區照顧關懷據點,嘉義市政府社會處,嘉義市政府,社會處,,23,,,"主管機關,辦理單位,成立日期,負責人,連絡電話,傳真,電子郵件,地址,相關網站,X坐標,Y坐標,備註,最後更新時間"
7,嘉義市身心障礙福利機構,嘉義市政府社會處,嘉義市政府,社會處,,2,,,"性質,主管機關,辦理單位,成立日期,立案文號,負責人,連絡電話,傳真,電子郵件,地址,相關網站,X坐標,Y坐標,備註,最後更新時間"
8,嘉義市管線挖掘資訊,嘉義市政府,嘉義市政府,,,,,,"AC_NO(許可證號),CASE_ID(案件編號),CONST_NAME(工程名稱),LOCATION(工程地點),A_UN(核定單位),ABE_DA(核定挖掘起日),AEN_DA(核定挖掘迄日),ADG_DA(核定工期日數),DACO_TI(核定日間施工時段),NACO_TI(核定夜間施工時段),AREA_TA(申請施工面積),UN_NA(管線單位名稱),UR_NA(管線單位聯絡人),UR_DR(聯絡地址),UR_TI(聯絡電話),DG_STATUS(施工狀態),CENTER_COORDS(施工範圍中心點坐標),POLY_LIST(案件範圍點位),LASTMOD(最後異動日期)"
9,嘉義市老人福利機構,嘉義市政府社會處,嘉義市政府,社會處,,17,,,"性質,主管機關,辦理單位,成立日期,立案文號,負責人,連絡電話,傳真,電子郵件,地址,核定收容人數,收容對象_安養,收容對象_養護,收容對象_長照,收容對象_日照,收容對象_失智,收容對象_遊民,收容對象_其他,相關網站,X坐標,Y坐標,備註,最後更新時間"
10,嘉義市立體育場所轄場館,嘉義市政府,嘉義市政府,,,7,,,"場館名稱,場址,辦公室電話,場館建置時間,面積,可容納觀眾數,停車位置,開放時間,場館內設施,場館內單位"
11,歷年退稅方式統計表,嘉義市政府財政稅務局,嘉義市政府,財政稅務局,,,,,"年度,直撥退稅件數,直撥退稅金額,支票退稅件數,支票退稅金額,現金退稅件數,現金退稅金額"
12,流感抗病毒藥劑合約醫療機構名單,嘉義市政府衛生局,嘉義市政府,衛生局,,74,,,"區別, 醫療機構名稱, 地址, 經度, 緯度, 電話"
13,幼兒常規疫苗接種醫療機構名單,嘉義市政府衛生局,嘉義市政府,衛生局,,34,,,區別	名稱	地址	經度	緯度	電話
14,歷年地方稅案件提起行政救濟件數,嘉義市政府財政稅務局,嘉義市政府,財政稅務局,,,,,"年期別,稅目別,復查件數,訴願件數,行政訴訟第一審件數,行政訴訟上訴審件數"
15,本市房屋移轉男性與女性與法人年報,嘉義市政府財政稅務局,嘉義市政府,財政稅務局,,1,,,"區間,男,女,法人"
16,嘉義市愛物網最新拍賣案件,嘉義市政府財政稅務局,嘉義市政府,財政稅務局,,,,,"案號,第幾次拍賣,物品名稱,底價(元),拍賣開始日,拍賣截止日,照片連結1,照片連結2,照片連結3,拍賣單位,廠牌,型號,零件或附件,數量,單位,物品尺寸,放置地點,物品說明,交貨方式,聯絡方式,付款方式,其他條款"
17,嘉義市愛物網歷年拍賣所得統計,嘉義市政府財政稅務局,嘉義市政府,財政稅務局,,,,,"年度,月份,當月已售件數,當月總件數,當年累計件數,出售率,收入(元),收入結存(元)"
18,嘉義市菸酒進口業者名單,嘉義市政府財政稅務局,嘉義市政府,財政稅務局,,10,,,"編號,業者名稱,總機構所在地地址,總機構電話,營業項目"
19,嘉義市政府最新債務訊息,嘉義市政府財政稅務局,嘉義市政府,財政稅務局,,12,,,"1年以上債務未償餘額,短期債務未償餘額,平均每人負擔債務,自償性債務未償餘額（含非營業特種基金)"
20,嘉義市政府歲入來源別預算總表,嘉義市政府財政稅務局,嘉義市政府,財政稅務局,,,,,"款,項,名稱,經常門(千元),資本門(千元),合計(千元)"
21,歷年地方稅全功能服務作業系統辦理統計表,嘉義市政府財政稅務局,嘉義市政府,財政稅務局,,,,,"月份,辦理件數"
22,嘉義市近5年持有本市房屋男性與女性比率,嘉義市政府,嘉義市政府,,,,,,年度(年度)男性納稅義務人戶數(男性納稅義務人戶數)女性納稅義務人戶數(女性納稅義務人戶數)男女戶數比(男女戶數比)
23,嘉義市可供申請綠美化之市有地,嘉義市政府財政稅務局,嘉義市政府,財政稅務局,,,,,項次、地段、小段、母號、子號、土地面積、編定使用種類
24,嘉義市轄區內畸零地清冊,嘉義市政府財政稅務局,嘉義市政府,財政稅務局,,,,,地段、小段、母號、子號、土地面積、編定使用種類、地勢現況
25,歷年本市多元化繳稅方式統計,嘉義市政府財政稅務局,嘉義市政府,財政稅務局,,,,,"年度 單位:件,金融機構臨櫃,便利商店,長期約定轉帳,信用卡,自動櫃員機轉帳,活期儲蓄存款帳戶網際網路轉帳,晶片金融卡網際網路轉帳,活期儲蓄存款帳戶電話語音轉帳"
26,嘉義市地價稅稅源統計分析表,嘉義市政府財政稅務局,嘉義市政府,財政稅務局,,,,,項目-公私有-稅地種類、戶數、筆數、地價稅額
27,嘉義市地價稅累進起點地價及課稅級距表,嘉義市政府財政稅務局,嘉義市政府,財政稅務局,,,,,種類、級距、基準地價、累進差額、稅率
28,嘉義市政府機關名稱中英文對照表,嘉義市政府智慧科技處,嘉義市政府,智慧科技處,,74,,,"中文,English"
29,地方稅欠稅概況－按年度別統計,嘉義市政府財政稅務局,嘉義市政府,財政稅務局,,,,,統計別(按年度)	房屋稅	印花稅	使用牌照稅	土地增值稅	契稅	地價稅	娛樂稅	違章罰鍰
30,地方稅欠稅概況－按納稅義務人性別統計,嘉義市政府財政稅務局,嘉義市政府,財政稅務局,,,,,"統計別(按性別),房屋稅,印花稅,使用牌照稅,土地增值稅,契稅,地價稅,娛樂稅,違章罰鍰"
31,嘉義市娛樂稅徵收率,嘉義市政府財政稅務局,嘉義市政府,財政稅務局,,,,,"電影-本國語言片,電影-外國語言片,職業性歌唱、舞蹈、馬戲、魔術、技藝表演及夜總會之各種表演,說書、戲劇、音樂演奏及非職業性歌唱、舞蹈等表演,各種競技比賽,舞廳,舞場,高爾夫球場,高爾夫球練習場,機動遊藝樂園,KTV視唱MTV視聽,電子遊戲機,機動遊艇動力飛行器,其他"
32,身心障礙免稅車輛數統計表,嘉義市政府財政稅務局,嘉義市政府,財政稅務局,,,,,"汽缸排氣量cc數,車輛數"
33,嘉義市政府稅務局歲出單位預算表,嘉義市政府財政稅務局,嘉義市政府,財政稅務局,,,,,"科目名稱,本年度預算數,上年度預算數"
34,嘉義市政府稅務局歲入單位預算表,嘉義市政府財政稅務局,嘉義市政府,財政稅務局,,,,,"科目名稱,本年度預算數,上年度預算數"
35,嘉義市政府稅務局歲入來源別決算表,嘉義市政府財政稅務局,嘉義市政府,財政稅務局,,,,,"科目名稱,預算數,決算數,執行率"
36,嘉義市歷年地方稅各項稅收概況表,嘉義市政府財政稅務局,嘉義市政府,財政稅務局,,,,,"年度,總計,地價稅,土地增值稅,房屋稅,使用牌照稅,契稅,印花稅,娛樂稅,教育捐（單位：新臺幣千元）"
37,嘉義市歷年土地增值稅稅源統計分析表,嘉義市政府財政稅務局,嘉義市政府,財政稅務局,,,,,年度、預算數、一般案件件數、一般案件查定稅額、自用案件件數、自用案件查定稅額、法拍案件件數、法拍案件查定稅額、合計件數
38,「由網站、APP與Beacon共同建構出的嘉義i憩頭旅遊生態系實例分享」專案程式原始碼,小巴不載團隊,小巴不載團隊,,,,,,無
39,嘉義市西區106年1至12月各里人口數統計,嘉義市西區戶政事務所,嘉義市政府,西區戶政事務所,,,,,"data1,data2,data3"
40,嘉義市殯葬管理所每月納骨塔使用資料,嘉義市政府,嘉義市政府,,,,,,"DateOfApplication(申請日期),UseType(塔位類別),DateOfEntry(晉塔日期),DeadSex(性別),DeadName(亡者姓名),DeadNativePlace(亡者戶籍地),DateOfBirth(亡者出生日期),DateOfDead(亡者死亡日期)"
41,嘉義市殯葬管理所每月化妝室使用資料,嘉義市政府,嘉義市政府,,,,,,"UserDate(使用日期),DeadSex(性別),DeadName(亡者姓名),DateOfBirth(亡者出生日期),DateOfDead(亡者死亡日期),DeadNativePlace(亡者戶籍地)"
42,嘉義市殯葬管理所每月禮廳使用資料,嘉義市政府,嘉義市政府,,,,,,"UserDate(使用日期),HallName(禮廳名稱),DeadSex(性別),DeadName(亡者姓名),DateOfBirth(亡者出生日期),DateOfDead(亡者死亡日期),DeadNativePlace(亡者戶籍地)"
43,嘉義市殯葬管理所每月小靈位使用資料,嘉義市政府,嘉義市政府,,,,,,"UserDate(使用日期),DeadSex(性別),DeadName(亡者姓名),DateOfBirth(亡者出生日期),DateOfDead(亡者死亡日期),DeadNativePlace(亡者戶籍地)"
44,嘉義市殯葬管理所每月冰存使用資料,嘉義市政府,嘉義市政府,,,,,,"UserDate(使用日期),DeadSex(性別),DeadName(亡者姓名),DateOfBirth(亡者出生日期),DateOfDead(亡者死亡日期),DeadNativePlace(亡者戶籍地)"
45,嘉義市殯葬管理所每月火化使用資料,嘉義市政府,嘉義市政府,,,,,,"UserDate(火化日期),DeadSex(性別),DeadName(亡者姓名),DateOfBirth(亡者出生日期),DateOfDead(亡者死亡日期),DeadNativePlace(亡者戶籍地)"
46,嘉義市東區106年1月至12月各里人口數統計,嘉義市東區戶政事務所,嘉義市政府,東區戶政事務所,,,,,"村里 ,鄰數 ,戶數 ,男 ,女,人數合計"
47,嘉義市iTaiwan WiFi無線網路熱點,嘉義市政府智慧科技處,嘉義市政府,智慧科技處,,152,,,"編號,熱點名稱,地址"
48,西區戶政門牌整編對照表,嘉義市西區戶政,嘉義市政府,西區戶政事務所,,,,,門牌整編對照表
49,106年下埤路門牌整編,嘉義市政府,嘉義市政府,,,,,,106年下埤路門牌整編
50,嘉義市公有廳舍太陽能光電屋頂建置地點及發電量,嘉義市政府,嘉義市政府,,,27,,,"序號,管理單位,廳舍名稱,廳舍地址,總裝置容量(瓩),台電併聯日期,累計發電量"
51,嘉義市歷年火災案件資料,嘉義市政府消防局,嘉義市政府,消防局,,0,,,"縣市	""鄉、鎮市、區""	街、路段	火災案件編號(同火災原因調查鑑定書編號)	報案時間(同火災出動觀察紀錄)(月:日:時:分)	抵達時間(同火災出動觀察紀錄)(月:日:時:分)	起火原因	死亡人數	受傷人數"
52,嘉義市計程車招呼站地點,嘉義市政府交通觀光處,嘉義市政府,交通觀光處,,21,,,"路段,地點,設置範圍,坐標(緯度),坐標(經度)"
53,嘉義市西區105年1至12月各里人口數,嘉義市西區戶政事務所,嘉義市政府,西區戶政事務所,,12,,,"村里 ,鄰數 ,戶數 ,男 ,女,人數合計"
54,嘉義市緊急救護責任醫院名單,嘉義市政府消防局,嘉義市政府,消防局,,5,,,"醫院全名,醫事機構代碼,緊急醫療能力分級,地址,總機,專線"
55,嘉義市公共量血壓場所,嘉義市政府,嘉義市政府,,,119,,,"類別,機構名稱,地址,經緯度,電話,網址,服務項目,服務時間,管理單位,執行單位,備註"
56,嘉義市公私立婦女機構,嘉義市政府,嘉義市政府,,,11,,,"地址,緯度,經度,公私立類別,名稱"
57,嘉義市戒毒戒治場所,嘉義市政府,嘉義市政府,,,5,,,"類別,機構名稱,地址,經緯度,電話,網址,服務項目,服務時間,管理單位,執行單位,備註"
58,嘉義市舊衣回收箱核准設置點,嘉義市政府環保局,嘉義市政府,環保局,,134,,,"箱號,申請設置地點"
59,嘉義市災民收容所位置及收容人數,嘉義市政府社會處,嘉義市政府,社會處,,47,,,"主管機關,處所名稱,地 址,第一聯絡人,電話,第二聯絡人,收容人數,電話,最後更新時間"
60,嘉義市慈善會團體,嘉義市政府社會處,嘉義市政府,社會處,,33,,,"編號,團體名稱,理事長,連絡電話,傳真,聯絡人,地址(會址),成立時間,會員人數,備註"
61,嘉義市106年第三季河川水質監測統計,嘉義市政府,嘉義市政府,,,,,,"水體名稱,監測站,項目,單位,106年7月,106年8月,106年9月"
62,嘉義市106年第一季河川水質監測統計,嘉義市政府環境保護局,嘉義市政府,環境保護局,,,,,"水體名稱,監測站,項目,單位,106年1月,106年2月,106年3月"
63,嘉義市護理之家名單,嘉義市政府衛生局,嘉義市政府,衛生局,,33,,,"性質,主管機關,場所名稱,立案時間,負責人,連絡電話,傳真,地址,許可床數,開業床數,相關網站,X坐標,Y坐標,備註,最後更新時間"
64,嘉義市心理諮商服務據點,嘉義市政府衛生局,嘉義市政府,衛生局,,1,,,"性質,主管機關,辦理單位,單位名稱,連絡電話,傳真,電子郵件,地址,相關網站,X坐標,Y坐標,備註,最後更新時間"
65,嘉義市各里辦公室,嘉義市政府,嘉義市政府,,,84,,,"主管機關,行政區分,里別名稱,里長姓名,服務電話,傳真,服務處地址,X坐標,Y坐標,備註,最後更新時間"
66,嘉義市社區發展協會名冊,嘉義市政府社會處,嘉義市政府,社會處,,78,,,"主管機關,辦理單位,成立日期,立案文號,理事長,總幹事,協會名稱,服務項目,聯絡電話,傳真,協會地址,X坐標,Y坐標,備註,最後更新時間"
67,嘉義市里集會所,嘉義市政府,嘉義市政府,,,5,,,"主管機關,場地名稱,開放時段,收費情形,會場管理人,會場地址,聯絡人,連絡電話,會場可容納人數,X坐標,Y坐標,備註,最後更新時間"
68,嘉義市居家托育服務中心,嘉義市政府社會處,嘉義市政府,社會處,,1,,,"主管機關,辦理單位,服務內容,連絡電話,傳真,電子郵件,地址,相關網址,X坐標,Y坐標,備註,最後更新時間"
69,嘉義市居家托育服務中心托育人員,嘉義市政府社會處,嘉義市政府,社會處,,20,,,"主管機關,辦理單位,辦理單位連絡電話,居家托育人員(保母)姓名,居家托育人員(保母)所在地地址,相關網址,X坐標,Y坐標,備註,最後更新時間"
70,嘉義市政府免費法律諮詢服務律師名單,嘉義市政府,嘉義市政府,,,30,,,律師姓名
71,嘉義市免費法律諮詢處,嘉義市政府,嘉義市政府,,,13,,,"主管機關,辦理單位,服務方式,服務對象,服務時間,服務內容,連絡電話,地址,X坐標,Y坐標,備註,最後更新時間"
72,嘉義市提供老人共餐服務地點,嘉義市政府社會處,嘉義市政府,社會處,,9,,,"主管機關,辦理單位,成立日期,據點名稱,電話,傳真,共餐地址,共餐時間,相關網站,X坐標,Y坐標,備註,最後更新時間"
73,嘉義市身心障礙者庇護工場,嘉義市政府社會處,嘉義市政府,社會處,,4,,,"主管機關,承辦單位,庇護工場名稱,屬性,營業項目,連絡電話,傳真,地址,X坐標,Y坐標,備註,最後更新時間"
74,嘉義市身心障礙者社區日間作業設施服務單位,嘉義市政府社會處,嘉義市政府,社會處,,2,,,"性質,主管機關,辦理單位,立案時間,立案文號,負責人,連絡電話,傳真,地址,相關網站,X坐標,Y坐標,備註,最後更新時間"
75,嘉義市就業服務據點,嘉義市政府社會處,嘉義市政府,社會處,,1,,,"主管機關,據點名稱,連絡電話,傳真,服務時間,地址,相關網站,X坐標,Y坐標,備註,最後更新時間"
76,嘉義市視障按摩者服務據點,嘉義市政府,嘉義市政府,,,23,,,"類別,名稱,連絡電話,營業時間,地址,X坐標,Y坐標,備註(營業週期),最後更新時間"
77,嘉義市西區里長名冊,嘉義市政府西區區公所,嘉義市政府,西區區公所,,45,,,"ztitle(里名), zname1(里長姓名), zaddress1(服務處地址), ztel1(服務電話)"
78,嘉義市東區里長名冊,嘉義市東區區公所,嘉義市政府,東區區公所,,39,,,"ztitle(里名), zname1(里長姓名), zaddress1(服務處地址), ztel1(服務電話)"
79,嘉義市社會福利慈善事業基金會名冊,嘉義市政府社會處,嘉義市政府,社會處,,17,,,"主管機關,單位名稱,成立日期,董事長,連絡人,連絡電話,傳真,電子郵件,地址,相關網站,X坐標,Y坐標,備註,最後更新時間"
80,嘉義市社區活動中心,嘉義市政府社會處,嘉義市政府,社會處,,14,,,"主管機關,辦理單位,成立日期,連絡電話,傳真,地址,X坐標,Y坐標,備註,最後更新時間"
81,嘉義市身心障礙者復康巴士服務,嘉義市政府社會處,嘉義市政府,社會處,,1,,,"主管機關,承辦單位,連絡電話,傳真,電子郵件,地址,相關網站,X坐標,Y坐標,備註,最後更新時間"
82,嘉義市高齡友善藥局,嘉義市政府社會處,嘉義市政府,社會處,,50,,,"性質,主管機關,辦理單位,連絡電話,地址,相關網站,X坐標,Y坐標,備註,最後更新時間"
83,嘉義市新住民家庭服務中心,嘉義市政府社會處,嘉義市政府,社會處,,1,,,"性質,主管機關,辦理單位,成立日期,負責人,連絡電話,傳真,地址,相關網站,X坐標,Y坐標,備註,最後更新時間"
84,嘉義市避難收容所位置及收容人數,嘉義市政府社會處,嘉義市政府,社會處,,47,,,"主管機關,收容所編號,收容所名稱,收容所鄉鎮市區,收容所村里,地址,管理人,連絡電話,收容人數,X坐標,Y坐標,備註,最後更新時間"
85,嘉義市高風險家庭關懷輔導處遇服務提供單位,嘉義市政府社會處,嘉義市政府,社會處,,3,,,"主管機關,辦理單位,成立日期,立案文號,負責人,連絡電話,傳真,電子郵件,地址,相關網站,X坐標,Y坐標,備註,最後更新時間"
86,嘉義市家庭暴力及性侵害防治中心,嘉義市政府社會處,嘉義市政府,社會處,,1,,,"主管機關,中心名稱,連絡電話,傳真,電子郵件,地址,相關網站,X坐標,Y坐標,備註,最後更新時間"
87,嘉義市單親家庭服務提供單位,嘉義市政府社會處,嘉義市政府,社會處,,2,,,"主管機關,辦理單位,連絡電話,傳真,電子郵件,地址,相關網站,X坐標,Y坐標,備註,最後更新時間"
88,嘉義市家庭、社會福利服務中心,嘉義市政府,嘉義市政府,,,2,,,"主管機關,辦理單位,成立日期,連絡電話,傳真,電子郵件,地址,相關網站,X坐標,Y坐標,備註,最後更新時間"
89,嘉義市婦女福利服務中心,嘉義市政府社會處,嘉義市政府,社會處,,1,,,"主管機關,中心名稱,承辦單位,連絡電話,傳真,電子郵件,地址,相關網站,X坐標,Y坐標,備註,最後更新時間"
90,嘉義市老人日間照顧中心,嘉義市政府社會處,嘉義市政府,社會處,,5,,,"性質,主管機關,辦理單位,成立日期,立案文號,負責人,連絡電話,傳真,電子郵件,地址,可服務人數,相關網站,X坐標,Y坐標,備註,最後更新時間"
91,嘉義市身心障礙輔具服務單位,嘉義市政府社會處,嘉義市政府,社會處,,2,,,"性質,主管機關,單位名稱,辦理單位,連絡電話,傳真,電子郵件,地址,相關網站,X坐標,Y坐標,備註,最後更新時間"
92,嘉義市老人文康、福利服務中心,嘉義市政府社會處,嘉義市政府,社會處,,1,,,"主管機關,中心名稱,連絡電話,傳真,電子郵件,地址,相關網站,X坐標,Y坐標,備註,最後更新時間"
93,嘉義市身心障礙福利日間照顧機構,嘉義市政府社會處,嘉義市政府,社會處,,1,,,"性質,主管機關,辦理單位,成立日期,立案文號,負責人,連絡電話,傳真,電子郵件,地址,核定服務人數_全日型住宿人數,核定服務人數_夜間型住宿人數,核定服務人數_日間照顧人數,核定服務人數_部分時制照顧人數,核定服務人數_總計,相關網站,X坐標,Y坐標,備註,最後更新時間"
94,嘉義市身心障礙住宿機構,嘉義市政府社會處,嘉義市政府,社會處,,2,,,"性質,主管機關,辦理單位,成立日期,立案文號,負責人,連絡電話,傳真,電子郵件,地址,核定服務人數_全日型住宿,核定服務人數_夜間型住宿,核定服務人數_日間照顧,核定服務人數_部分時制照顧,核定服務人數_總計,相關網站,X坐標,Y坐標,備註,最後更新時間"
95,嘉義市早期療育服務通報轉介中心,嘉義市政府社會處,嘉義市政府,社會處,,1,,,"性質,主管機關,辦理單位,成立日期,立案文號,負責人,連絡電話,傳真,電子郵件,地址,相關網址,X坐標,Y坐標,備註,最後更新時間"
96,嘉義市公設民營托育資源中心,嘉義市政府社會處,嘉義市政府,社會處,,2,,,"主管機關,辦理單位,成立日期,連絡電話,傳真,電子郵件,地址,相關網站,X坐標,Y坐標,備註,最後更新時間"
97,嘉義市公設民營及私立托嬰中心,嘉義市政府社會處,嘉義市政府,社會處,,3,,,"性質,主管機關,辦理單位,成立日期,立案文號,負責人,連絡電話,傳真,電子郵件,地址,核定收托人數,相關網站,X坐標,Y坐標,備註,最後更新時間"
98,嘉義市兒童及少年福利服務中心,嘉義市政府社會處,嘉義市政府,社會處,,2,,,"性質,主管機關,辦理單位,成立日期,立案文號,負責人,連絡電話,傳真,電子郵件,地址,相關網址,X坐標,Y坐標,備註,最後更新時間"
99,嘉義市兒童及少年安置教養機構,嘉義市政府社會處,嘉義市政府,社會處,,1,,,"性質,主管機關,辦理單位,成立日期,立案文號,負責人,連絡電話,傳真,電子郵件,地址,核准收托或安置人數,相關網站,X坐標,Y坐標,備註,最後更新時間"
100,嘉義市衛生稽查評核優良餐飲業者名單,嘉義市政府衛生局,嘉義市政府,衛生局,,300,,,"分類,店名,地址,電話,評鑑結果"
101,嘉義市藥局名單,嘉義市政府衛生局,嘉義市政府,衛生局,,116,,,機構名稱	地址	電話
102,嘉義市政府暨所屬機關陳情管道,嘉義市政府,嘉義市政府,,,6,,,"機關名稱,線上陳情網址,聯絡電話,傳真,聯絡信箱,備註"
103,嘉義市國小各校兒童課後照顧服務班人數統計,嘉義市政府,嘉義市政府,,,19,,,"學校,一年級,二年級,三年級,四年級,五年級,六年級,人數總計"
104,流感疫苗接種合約醫療機構名單,嘉義市政府衛生局,嘉義市政府,衛生局,,69,,,"醫療院所名稱,區別,地址,聯絡人電話,經緯度"
105,嘉義市各醫院門診科別、醫事人員數、病床數等醫療資源統計,嘉義市政府,嘉義市政府,,,12,,,項次	機構類別	機構名稱	機構代碼	地址    科別          床數類別
106,嘉義市統計資料庫－身心障礙人口數統計,嘉義市政府,嘉義市政府,,,16,,,"年度,總計,占全市總人口比率(%),視覺障礙者,聽覺機能障礙者,平衡機能障礙者,聲音機能或語言機能障礙者,肢體障礙者,智能障礙者,重要器官失去功能者,顏面損傷者,植物人,癡呆症者,自閉症者,慢性精神病患者,多重障礙者,其他"
107,嘉義市戒菸門診機構名單,嘉義市政府衛生局,嘉義市政府,衛生局,,73,,,層級	院所名稱	電話	郵遞區號	地址	給藥	衛教
108,運動熱量標示地點,嘉義市政府衛生局,嘉義市政府,衛生局,,43,,,數量	建置地點	建置範圍	建置方式	建置年度
109,嘉義市醫院、診所名單,嘉義市政府衛生局,嘉義市政府,衛生局,,408,,,"項次,機構類別,機構名稱,機構代碼,地址,負責人,電話"
110,嘉義市線上陳情系統－案件查詢API,嘉義市政府,嘉義市政府,,,,,,請詳閱API說明文件
111,嘉義市線上陳情系統－常見問題集查詢API,嘉義市政府,嘉義市政府,,,1700,,,請詳閱API說明文件
112,嘉義市長期照顧喘息服務單位,嘉義市政府,嘉義市政府,,,12,,,"單位名稱,服務內容,聯絡電話,地址"
113,嘉義市e-bike公共電動二輪車租借站點,嘉義市政府,嘉義市政府,,,11,,,"行政區,站名,位置,坐標(緯度),坐標(經度),備註"
114,嘉義市統計資料庫－人口成長統計,嘉義市政府,嘉義市政府,,,,,,"月份, 人口增加數(人), 自然增加數(人), 出生人數(人), 死亡人數(人), 社會增加(人), 遷入人數(人), 遷出人數(人), 人口增加率(%), 自然增加率(千分比), 出生率(%), 死亡率(%), 社會增加率(千分比), 遷入率(千分比), 遷出率(千分比)"
115,嘉義市統計資料庫－人口年齡分配統計,嘉義市政府,嘉義市政府,,,,,,"月份, 0-14歲--人口數(人), 0-14歲--占總人口比率(%), 15-64歲--人口數(人), 15-64歲--占總人口比率(%), 65歲以上--人口數(人), 65歲以上--占總人口比率(%), 扶養比(%), 老化指數(%)"
116,嘉義市統計資料庫－土地人口統計,嘉義市政府,嘉義市政府,,,,,,"月份, 土地面積(平方公里), 里數(里), 鄰數(鄰), 現住戶數(戶), 現住人口數(人), 現住人口數--男(人), 現住人口數--女(人), 性比例(每百女子對男子數) %, 人口密度( 人／平方公里 ), 戶量(人／戶)"
117,嘉義市統計資料庫－婚姻概況統計,嘉義市政府,嘉義市政府,,,,,,"月份, 結婚對數(對), 粗結婚率(千分比), 離婚對數(對), 粗離婚率(千分比)"
118,嘉義市違反性別平等法廠商名單（目前尚無裁罰紀錄）,嘉義市政府,嘉義市政府,,,,,,"項次,事業單位名稱（負責人姓名）,違反法令條款,違反法規內容,處分書文號,處分日期,備註"
119,嘉義市水情系統－水位監測站雨量即時數據,嘉義市政府,嘉義市政府,,,,,,"min_10(10分鐘雨量),rain(每小時雨量),hour_3(3小時雨量),hour_6(6小時雨量),hour_12(12小時雨量),hour_24(24小時雨量),alarm1(每小時雨量二級警戒線),alarm3(3小時雨量二級警戒線),alarm6(6小時雨量二級警戒線),alarm12(12小時雨量二級警戒線),alarm24(24小時雨量二級警戒線),flood1(每小時雨量一級警戒線),flood3(3小時雨量一級警戒線),flood6(6小時雨量一級警戒線),flood12(12小時雨量一級警戒線),flood24(24小時雨量一級警戒線),lat(緯度),lon(經度),stnm(監測站地點),stno(監測站代碼),time(更新時間),town(影響地區)"
120,嘉義市水情系統－水位監測站水位即時數據,嘉義市政府,嘉義市政府,,,25,,,"waterlv(即時水位), alert2(二級警戒線), alert1(一級警戒線), lasttime(更新時間), stnm(監測站地點), lon(經度), lat(緯度), left_height(左岸高), right_height(右岸高), stno(監測站代碼), town(村里)"
121,嘉義市水情系統－水情監視器即時影像,嘉義市政府,嘉義市政府,,,12,,,無
122,嘉義市即時交通資訊－車牌辨識AVI動態資訊,嘉義市政府交通觀光處,嘉義市政府,交通觀光處,,,,,avipairidAVI 配對編號，與表2.2-12 之avipairid 需對應至相同之起迄設備。startavistatus配對起始點設備狀態 (正常為0，通訊異常為1，停用或施工中為2，設備故障為3)、endavistatus配對結束點設備狀態(正常為0，通訊異常為1，停用或施工中為2，設備故障為3)。traveltime旅行時間，單位：秒，另外-99 代表資料不足、datacollecttime資料蒐集時間
123,嘉義市即時交通資訊－資訊可變標誌CMS動態資訊,嘉義市政府交通觀光處,嘉義市政府,交通觀光處,,,,,cmsid設備代碼(所屬單位代碼+設備原編號)、status狀態(正常為0，通訊異常為1，停用或施工中為2，設備故障為3、目前無資料顯示為4、目前正執行循環顯示為5)。message內容訊息(如系統正執行循環顯示，仍需將文字內容列出)
124,嘉義市即時交通資訊－車輛偵側VD五分鐘動態資訊,嘉義市政府交通觀光處,嘉義市政府,交通觀光處,,,,,vdid設備代碼、status狀態(正常為0，通訊異常為1，停用或施工中為2，設備故障為3)、vsrdir偵測車道方向，以0 和1 表示。若為單向車道偵測器，則均以 0 表示；vsrid車道代碼、carid車種代碼、speed依車道逐一詳列5 分鐘平均速率偵測值、volume依車道逐一詳列5 分鐘佔有率偵測值(單位：%)，如：50、datacollecttime資料蒐集時間
125,嘉義市東區日治時期住所番地與現行行政區域對照表,嘉義市東區戶政事務所,嘉義市政府,東區戶政事務所,,160,,,"州（廳）,郡（堡）,庄（街）,字（町）,土名,番地起迄,鄉鎮市區,村里,備註"
126,嘉義市即時交通資訊－車牌辨識AVI所在位置靜態資訊,嘉義市政府交通觀光處,嘉義市政府,交通觀光處,,,,,aviid設備代碼(所屬單位代碼+設備原編號)、roadsection路段文字描述，如：國道1 號(林口交流道到桃園交流道)、locationpath路段(Link)所屬Location Path ID，如166(代表國道1 號)。startlocationpoint路段(Link)起點Location Point ID，如182(代表林口交流道)。endlocationpoint路段(Link)迄點Location Point ID，。px辨識設備架設位置X 坐標、py辨識設備架設位置Y 坐標
127,嘉義市即時交通資訊－資訊可變標誌CMS所在位置靜態資訊,嘉義市政府交通觀光處,嘉義市政府,交通觀光處,,,,,cmsid設備代碼、locationpath路段(Link)所屬Location Path ID，startlocationpoint路段(Link)起點Location Point ID，endlocationpoint路段(Link)迄點Location Point ID、roadsection路段文字描述，px設備架設位置X 坐標(坐標系統為WGS84)，py設備架設位置Y 坐標(坐標系統為WGS84)
128,嘉義市即時交通資訊－路況監視攝影機CCTV動態資訊,嘉義市政府交通觀光處,嘉義市政府,交通觀光處,,,,,"cctvid設備代碼(所屬單位代碼+設備原編號)、url 串接影像網址url、status狀態(正常為0，通訊異常為1，停用或施工中為2，設備故障為3)。"
129,嘉義市即時交通資訊－路況監視攝影機CCTV所在位置靜態資訊,嘉義市政府交通觀光處,嘉義市政府,交通觀光處,,,,,cctvid設備代碼、roadsection路段文字描述、locationpath路段(Link)所屬Location Path ID，startlocationpoint路段(Link)起點Location Point ID，endlocationpoint路段(Link)迄點Location Point ID、px影像設備架設位置X 坐標、py影像設備架設位置Y 坐標
130,嘉義市即時交通資訊－車輛偵測VD靜態資訊,嘉義市政府交通觀光處,嘉義市政府,交通觀光處,,,,,vdid設備代碼、routeid對應到該路段編碼、roadsection路段文字描述、locationpath路段(Link)所屬Location Path ID、startlocationpoint路段(Link)起點Location Point ID、endlocationpoint路段(Link)迄點Location Point ID，roadway車輛偵測器可以偵測到的車道方向，vsrnum所在路段VD 偵測之總車道數，vdtypeVD 類別、locationtype設置地點及說明、px設備架設位
131,嘉義市即時交通資訊－路段動態資訊,嘉義市政府交通觀光處,嘉義市政府,交通觀光處,,,,,routeid路段編碼、level級別、value門檻指標數值、traveltime路段旅行時間，單位：秒、datacollecttime資料蒐集時間
132,嘉義市即時交通資訊－路段服務水準門檻分級,嘉義市政府交通觀光處,嘉義市政府,交通觀光處,,,,,sourceid:所屬單位代碼、level:級別、levelname:級別文字描述、index:門檻指標說明、topvalue:門檻值上限、lowvalue:門檻值下限、colorR:R 值(RGB 三原色代表路段呈現顏色，最高值為255，最小值為0)、colorG:G 值(RGB 三原色代表路段呈現顏色，最高值為255，最小值為0)、colorB:B 值(RGB 三原色代表路段呈現顏色，最高值為255，最小值為0)
133,嘉義市即時交通資訊－路段靜態資訊,嘉義市政府,嘉義市政府,,,,,,routeid:路段編號、sourceid:所屬單位代碼、roadsection:路段中文名稱描述、locationpath:路段(Link)所屬Location Path ID、startlocationpoint:路段(Link)起點Location Point ID、endlocationpoint:路段(Link)迄點Location Point ID、roadtype:道路等級、fromkm:起點里程數、tokm:迄點里程數、speedlimit:路段速限值
134,嘉義市殯葬管理所每月示範公墓使用資料,嘉義市政府,嘉義市政府,,,,,,"DateOfApplication(申請日期),DateOfEntry(埋葬日期),DeadSex(性別),DeadName(亡者姓名),DeadNativePlace(亡者戶籍地),DateOfBirth(亡者出生日期),DateOfDead(亡者死亡日期)"
135,來嘉友善心餐廳名單,嘉義市政府,嘉義市政府,,,20,,,"餐廳名稱,餐廳簡介,特色美食,營業時間,平均消費,電話,地址,推薦餐點,無障礙設施設置,貼心服務"
136,106年第二季嘉義市河川水質監測統計,嘉義市政府,嘉義市政府,,,0,,,"水體名稱,監測站,項目,單位,月份"
137,嘉義市公立國中、國小學校名單,嘉義市政府教育處,嘉義市政府,教育處,,28,,,"校名,電話,傳真,校址"
138,嘉義市藝文場域,嘉義市政府文化局,嘉義市政府,文化局,,1,,,"名稱,地址,電話,開放時間"
139,嘉義市營造業名冊,嘉義市政府都市發展處,嘉義市政府,都市發展處,,,,,"營造廠名稱,登記狀況,負責人"
140,嘉義市易發生婦幼被害犯罪地點,嘉義市政府警察局婦幼警察隊,嘉義市政府,警察局,婦幼警察隊,,,,"地點位置,管轄警察局,分局"
141,嘉義市統計資料庫－性別統計-權力、決策與影響力,嘉義市政府,嘉義市政府,,,,,,"""年度"","" 縣長選舉投票率(%)_男性"","" 縣長選舉投票率(%)_女性"",""現有區域立法委員人數(人)_男"",""現有區域立法委員人數(人)_女"","" 現有市議員人數(人)_男"","" 現有市議員人數(人)_女"",""現有鄉鎮市長人數(人)_男"",""現有鄉鎮市長人數(人)_女"""
142,嘉義市房屋標準單價,嘉義市政府財政稅務局,嘉義市政府,財政稅務局,,,,,"總層數,計算單位,鋼骨造/鋼骨混凝土造/鋼骨鋼筋混凝土造(第一類)之單價,鋼骨造/鋼骨混凝土造/鋼骨鋼筋混凝土造(第二類)之單價,鋼骨造/鋼骨混凝土造/鋼骨鋼筋混凝土造(第三類)之單價,鋼骨造/鋼骨混凝土造/鋼骨鋼筋混凝土造(第四類)之單價,鋼筋混凝土造預鑄混凝土造(第一類),鋼筋混凝土造預鑄混凝土造(第二類),鋼筋混凝土造預鑄混凝土造(第三類),鋼筋混凝土造預鑄混凝土造(第四類),加強磚造(第一類),加強磚造(第二類),加強磚造(第三類),加強磚造(第四類),鋼鐵造-各種用途(200㎡以上),鋼鐵造-各種用途(未達200㎡),木、石、磚造-各種用途,土、竹造-各種用途"
143,歷年嘉義市國中小學生數統計,嘉義市政府教育處,嘉義市政府,教育處,,27,,,校名、學年度
144,嘉義市國中小學區劃分表,嘉義市政府教育處,嘉義市政府,教育處,,29,,,校名，學區範圍
145,105年嘉義市環境及交通噪音監測統計,嘉義市政府環境保護局,嘉義市政府,環境保護局,,,,,監測站名(監測站名稱)、監測站編號(監測站編號)、管制區(管制區)、年(年)、月(月)、日(日)、0-1時(監測時間)、1-2時(監測時間)、2-3時(監測時間)、3-4時(監測時間)、4-5時(監測時間)、5-6時(監測時間)、6-7時(監測時間)、7-8時(監測時間)、8-9時(監測時間)、9-10時(監測時間)、10-11時(監測時間)、11-12時(監測時間)、12-13時(監測時間)、13-14時(監測時間)、14-15時(監測時間)、15-16時(監測時間)、16-17時(監測時間)、17-18時(監測時間)、18-19時(監測時間)、19-20時(監測時間)、20-21時(監測時間)、21-22時(監測時間)、22-23時(監測時間)、23-24時(監測時間)
146,嘉義市106年第1季身心障礙者之年齡分配(報表三),嘉義市政府,嘉義市政府,,,,,,"障別,男女,年齡"
147,嘉義市106年第1季身心障礙者之年齡分配(報表二),嘉義市政府,嘉義市政府,,,,,,"障別,男女,年齡"
148,嘉義市106年第1季身心障礙者之年齡分配(報表一),嘉義市政府,嘉義市政府,,,,,,"障別,男女,年齡"
149,嘉義市106年第1季身心障礙人數(報表二),嘉義市政府,嘉義市政府,,,,,,"障別,男女"
150,嘉義市106年第1季身心障礙人數(報表三),嘉義市政府,嘉義市政府,,,,,,"障別,男女"
151,嘉義市106年第1季身心障礙人數(報表一),嘉義市政府,嘉義市政府,,,,,,"障別,男女"
152,嘉義市河川水質105年監測統計,嘉義市政府,嘉義市政府,,,,,,"水體名稱,監測站,項目,單位,月份"
153,嘉義市加油站地點,嘉義市政府,嘉義市政府,,,37,,,"加油站名稱,加油站地址"
154,嘉義市旅遊服務中心與借問站地點,嘉義市政府,嘉義市政府,,,13,,,"類別,名稱,地址"
155,嘉義市資訊休閒業（網咖）店家名單,嘉義市政府,嘉義市政府,,,24,,,"組織種類,統一編號,商業名稱,商業地址,核准設立日期,核准設立文號,商業登記證號,最近異動日期,營利項目"
156,嘉義市建築管理系統－建築物安全檢查紀錄API,嘉義市政府,嘉義市政府,,,,,,"場所名稱,建物現況,使用執照字號,最近申報日,下次申報日期"
157,嘉義市建築管理系統－施工勘驗資料API,嘉義市政府,嘉義市政府,,,,,,"建造執照資料,勘驗紀錄"
158,嘉義市建築管理系統－昇降設備、機械停車設備許可證資料API,嘉義市政府,嘉義市政府,,,,,,"設備統一編號,使用許可證號,設備種類,建築物名稱,建築執照字號,地址,檢查機構名稱,維護廠商名稱,許可有效日期"
159,嘉義市建築管理系統－建築執照存根API,嘉義市政府,嘉義市政府,,,,,,"執照類別,核發執照字號,原領執照字號,變更設計次數,基地面積,建築面積,總樓地板面積,建築物高度,地下避難面積,法定空地面積,建造類別,構造別,地上層數,地下層數,棟數,戶數,起造人代表人,設計人,監造人,承造人,雜項工作物,停車空間,發照日期,實際開工日期,竣工日期,土地使用分區"
160,嘉義市建築師開業登記清冊,嘉義市政府,嘉義市政府,,,51,,,"開業證號,事務所名稱,事務所所在地,建築師姓名"
161,嘉義市公寓大廈管理委員會,嘉義市政府,嘉義市政府,,,500,,,"公寓大廈管理組織,大廈地址,使照號碼"
162,歷年建築園冶獎嘉義市得獎名單,嘉義市政府,嘉義市政府,,,,,,"NO,類別,得獎作品,得獎單位"
163,嘉義市教會、教堂名冊,嘉義市政府民政處宗教禮俗科,嘉義市政府,民政處,宗教禮俗科,65,,,"類別,教會,住址,電話,備註"
164,嘉義市寺廟名冊,嘉義市政府民政處宗教禮俗科,嘉義市政府,民政處,宗教禮俗科,150,,,"編號,單位名稱,宗教別,寺登字號,主祀神佛,統一編號,地址,電話"
165,嘉義市橋梁資訊,嘉義市政府,嘉義市政府,,,92,,,"設施種類,橋梁名稱,管理機關,轄下機關,所在縣市,所在區鄉,道路等級,路線,是否為跨水橋,跨越類別,河川/水域管理單位,跨越物體,橋梁總長,橋頭GPS經度,橋頭GPS緯度,橋尾GPS經度,橋尾GPS緯度,結構型式,河川/水域名稱"
166,嘉油鐵馬道、北回自行車道路線圖,嘉義市政府,嘉義市政府,,,,,,無
167,嘉義市水情系統－水情監視器地點,嘉義市政府,嘉義市政府,,,12,,,"_latitude(緯度), _longitude(經度), _vr_name(地點), _vr_no(監視器代碼), town(行政區)"
168,嘉義市廢棄物焚化廠地點,嘉義市政府環保局,嘉義市政府,環保局,,1,,,"名稱,地址"
169,嘉義市廢棄物焚化廠環境品質監測,嘉義市政府環保局,嘉義市政府,環保局,,,,,"POLNO(焚化爐編號), ITEM(偵測項目代碼), M_TIME(偵測時間), M_VAL(數值)  ※偵測項目代碼請參閱《固定污染源空氣污染物連續自動監測設施管理辦法》附錄規範，例如代碼911=不透光率，922=二氧化硫，923=氮氧化物，926=氯化氫。"
170,嘉義市觀光旅遊網推薦遊程－追尋KANO棒球奮戰精神（一日遊）,嘉義市政府,嘉義市政府,,,,,,無
171,嘉義市觀光旅遊網推薦遊程－都市森林奇幻旅程之古蹟巡禮（二日遊）,嘉義市政府,嘉義市政府,,,,,,無
172,嘉義市觀光旅遊網推薦遊程－林業廊道檜意尋幽（一日遊）,嘉義市政府,嘉義市政府,,,,,,無
173,嘉義市觀光旅遊網推薦遊程－桃城巡禮（一日遊）,嘉義市政府,嘉義市政府,,,,,,無
174,嘉義市觀光旅遊網推薦遊程－自然生態之旅（半日遊）,嘉義市政府,嘉義市政府,,,,,,無
175,嘉義市國際管樂節踩街路線圖,嘉義市政府文化局,嘉義市政府,文化局,,,,,無
176,嘉義市歷年暴力犯罪案類一覽表,嘉義市政府警察局刑事警察大隊,嘉義市政府,警察局,刑事警察大隊,,,,"編號,案類,發生(現)地點"
177,嘉義市歷年查獲賭博案件一覽表,嘉義市政府警察局刑事警察大隊,嘉義市政府,警察局,刑事警察大隊,,,,"編號,案類,發生(現)地點"
178,嘉義市歷年詐欺案件發生一覽表,嘉義市政府警察局刑事警察大隊,嘉義市政府,警察局,刑事警察大隊,,,,"編號,案類,地點"
179,嘉義市歷年竊盜案件發生地點資訊,嘉義市政府警察局刑事警察大隊,嘉義市政府,警察局,刑事警察大隊,,,,發生地點
180,嘉義市路口監視器位置,嘉義市政府警察局,嘉義市政府,警察局,,,,,"編號,地點"
181,嘉義市托育人員名單,嘉義市政府,嘉義市政府,,,349,,,"姓名,性別,電話(日),保母狀態,保母資格,托育地所在鄉鎮市區,親屬保母,個資同意"
182,嘉義市中低收入老人免費裝設假牙合約醫院名單,嘉義市政府,嘉義市政府,,,,,,"序號,診所名稱,地址,電話"
183,嘉義市中低收入老人免費配戴老花眼鏡合約店家名單,嘉義市政府,嘉義市政府,,,,,,"編號,公司行號名稱,公司行號地址,電話,備註"
184,嘉義市雨水下水道人手孔圖資,嘉義市政府,嘉義市政府,,,,,,無
185,嘉義市雨水下水道管線圖資,嘉義市政府,嘉義市政府,,,,,,無
186,嘉義市歷年溺水案件,嘉義市政府消防局,嘉義市政府,消防局,,,,,"編號,縣市別,年,月,日,時,分,溺水地點或附近地標,水域種類,溺水原因,溺水結果,性別,年齡(歲),溺者身分,游泳能力"
187,嘉義市資源回收商名單,嘉義市政府環保局,嘉義市政府,環保局,,32,,,"編號,業別,公司(商號)名稱,區別,工廠或貯存場住址,電話號碼,回收項目"
188,嘉義市總預算對民間團體補(捐)助經費明細表,嘉義市政府,嘉義市政府,,,,,,"工作計畫科目名稱,補助事項或用途,補助對象,主辦機關,累計撥付金額(千元),有無涉及財物或勞務採購,處理方式(如未涉及採購則毋須填列，如採公開招標，請填列得標廠商),是除外規定之民間團體,非除外規定之民間團體"
189,嘉義市地方教育發展基金對民間團體補(捐)助經費明細表,嘉義市政府,嘉義市政府,,,,,,"工作計畫科目名稱,補助事項或用途,補助對象,主辦機關,累計撥付金額(千元),有無涉及財物或勞務採購,處理方式(如未涉及採購則毋須填列，如採公開招標，請填列得標廠商),是除外規定之民間團體,非除外規定之民間團體"
190,嘉義市公益彩券盈餘分配基金對民間團體補(捐)助經費明細表,嘉義市政府,嘉義市政府,,,,,,"工作計畫科目名稱,補助事項或用途,補助對象,主辦機關,累計撥付金額(千元),有無涉及財物或勞務採購,處理方式(如未涉及採購則毋須填列，如採公開招標，請填列得標廠商),是除外規定之民間團體,非除外規定之民間團體"
191,嘉義市身心障礙者就業基金對民間團體補(捐)助經費明細表,嘉義市政府,嘉義市政府,,,,,,"工作計畫科目名稱,補助事項或用途,補助對象,主辦機關,累計撥付金額(千元),有無涉及財物或勞務採購,處理方式(如未涉及採購則毋須填列，如採公開招標，請填列得標廠商),是除外規定之民間團體,非除外規定之民間團體"
192,嘉義市政事型基金預算,嘉義市政府,嘉義市政府,,,,,,"科 目，本年度預算數,上年度預算數,上年度預算數	,本年度與上年度比較 ,期初基金餘額,解繳市庫,期末基金餘額,金額,%"
193,嘉義市營業基金預算綜計表,嘉義市政府,嘉義市政府,,,,,,"科目,合計,嘉義魚市場股份有限公司,嘉義市果菜市場股份有限公司"
194,嘉義市作業基金預算綜計表,嘉義市政府,嘉義市政府,,,,,,"科目，合計，嘉義市市地重劃基金，嘉義市平均地權基金，嘉義市衛生醫療基金,嘉義市湖子內區段徵收基金，嘉義市貨物轉運中心市地重劃基金,嘉義市都市發展更新基金"
195,嘉義市幸福飽飽安全關懷站合作店家,嘉義市政府,嘉義市政府,,,,,,"項次,廠商名稱,地址,電話,聯絡人"
196,嘉義市職業訓練機構名冊,嘉義市政府社會處,嘉義市政府,社會處,,,,,"序號,職訓機構名稱,地址,電話,職類數,訓練容量,訓練實施方式,證號"
197,嘉義市工會名冊,嘉義市政府,嘉義市政府,,,118,,,"項次,名稱,地址,理事長,電話,會務人員"
198,模範母親名冊及事蹟,嘉義市政府,嘉義市政府,,,,,,"年度,編號,姓名,事蹟"
199,好人好事代表名冊及事蹟,嘉義市政府,嘉義市政府,,,,,,"年度,編號,姓名,事蹟"
200,模範父親名冊及事蹟,嘉義市政府,嘉義市政府,,,,,,"年度,編號,姓名,事蹟"
201,嘉義市職業安全衛生訓練機構名單,嘉義市政府,嘉義市政府,,,7,,,編號，職業訓練機構名稱，地址，電話
202,嘉義市消防安全檢查重大不合格場所名單,嘉義市政府消防局,嘉義市政府,消防局,,,,,場所名稱、場所地點、檢查結果、檢查日期
203,食品抽驗結果公告,嘉義市政府衛生局,嘉義市政府,衛生局,,1366,,,"類別,抽驗年度,抽驗日期,產品名稱,抽驗地點/地址,被抽驗者的來源廠商/地址,判定結果,備註"
204,嘉義市殯葬禮儀服務業最近一期評鑑情形,嘉義市政府,嘉義市政府,,,89,,,"編號,業者名稱（依許可備查順序排列),評鑑情形,備註"
205,嘉義市經營生前殯葬服務契約立案業者,嘉義市政府,嘉義市政府,,,5,,,"編號,公司名稱,嘉義市營業據點(電話),本公司營業據點(電話)"
206,嘉義市殯葬禮儀服務業許可名冊,嘉義市政府,嘉義市政府,,,91,,,"序號,業者商號名稱,負責人,電話,聯絡住址"
207,嘉義市原住民團體名冊,嘉義市政府,嘉義市政府,,,1,,,"單位,理事長,地址,電話"
208,嘉義市客家團體名冊,嘉義市政府,嘉義市政府,,,1,,,"單位,理事長,地址,電話"
209,嘉義市西區105年各里低收入戶、中低收入戶、獨居老人人數統計表,嘉義市西區區公所,嘉義市政府,西區區公所,,,,,"里別,人數"
210,嘉義市東區105年各里低收入戶、中低收入戶、獨居老人人數統計表,嘉義市東區區公所,嘉義市政府,東區區公所,,,,,"聯合里,里別,人數"
211,嘉義市西區戶政事務所日治時期住所番地與現行行政區域對照表,嘉義市西區戶政事務所,嘉義市政府,西區戶政事務所,,64,,,"州（廳）,郡（堡）,庄（街）,字（町）,土名,番地起迄,鄉鎮市區,里別"
212,嘉義市固定式違規照相設備位置,嘉義市政府警察局,嘉義市政府,警察局,,17,,,"編號,設置地點,設備型式,速限"
213,嘉義市拖吊保管場地點,嘉義市政府警察局,嘉義市政府,警察局,,1,,,"名稱,地址,聯絡電話"
214,歷年嘉義市交通事故案件統計,嘉義市政府警察局,嘉義市政府,警察局,,,,,"A1類交通事故 件數,A1類交通事故 死亡,A1類交通事故 受傷,A2類交通事故 件數,A2類交通事故 受傷,A3類 車損 件數,合計總件數"
215,嘉義市保全公司業者名冊,嘉義市政府警察局刑事警察大隊,嘉義市政府,警察局,刑事警察大隊,8,,,"編號,公司名稱,地址"
216,嘉義市各類文化資產名冊,嘉義市政府文化局,嘉義市政府,文化局,,65,,,"類別,種類,名稱,地域"
217,嘉義市圖書館各類熱門借閱書目,嘉義市政府文化局,嘉義市政府,文化局,,,,,"書名/書名,出版社,出版年,資料類型,借閱次數"
218,嘉義市歷年駐市作家名單與出版品,嘉義市政府文化局,嘉義市政府,文化局,,,,,"屆次,書名,作者,出版日期,定價,ISBN"
219,歷年「舊屋力」計畫店家名單,嘉義市政府文化局,嘉義市政府,文化局,,,,,"名稱,地址,電話"
220,嘉義市立案街頭藝人名單,嘉義市政府文化局,嘉義市政府,文化局,,398,,,"序號,姓名/團名,表演類別,代表人,通訊處,電話/手機"
221,嘉義市文化基金會成員名單,嘉義市政府文化局,嘉義市政府,文化局,,,,,"項次,職稱,姓名,連絡地址,聯絡電話,備註"
222,文化局各類典藏品名單－書法類、墨彩類、西畫類、攝影類,嘉義市政府文化局,嘉義市政府,文化局,,,,,"藏品名稱,藏品作者,類別,典藏單位,典藏單位網址"
223,文化局各類典藏品名單－雕塑類、交趾陶類,嘉義市政府文化局,嘉義市政府,文化局,,,,,"編號,品名,作者,創作年代,典藏時間"
224,歷年退稅方式統計表,嘉義市政府財政稅務局,嘉義市政府,財政稅務局,,,,,"年度,直撥退稅件數,直撥退稅金額,支票退稅件數,支票退稅金額,現金退稅件數,現金退稅金額"
225,嘉義市綠色商店名單,嘉義市政府環境保護局,嘉義市政府,環境保護局,,169,,,"機關名稱,地址"
226,嘉義市綠色旅館名單,嘉義市政府環保局,嘉義市政府,環保局,,13,,,"機關名稱,地址"
227,嘉義市公廁地點,嘉義市政府環境保護局,嘉義市政府,環境保護局,,1488,,,"公廁編號,公廁名稱,地址或地點描述,管理單位名稱"
228,嘉義市病媒防治業者名單清冊,嘉義市政府環境保護局,嘉義市政府,環境保護局,,13,,,"管制編號,許可字照,業者名稱,負責人,專技人員,合格證書,電話,地址"
229,嘉義市環境用藥販賣業者名冊,嘉義市政府環境保護局,嘉義市政府,環境保護局,,4,,,"管制編號,許可字照,業者名稱,負責人,專技人員,合格證書,電話,地址"
230,嘉義市可申請懸掛旗幟之道路及旗幟數量,嘉義市政府環保局,嘉義市政府,環保局,,90,,,"編號,路名,路燈數量"
231,嘉義市整合性健康篩檢醫療機構,嘉義市政府衛生局,嘉義市政府,衛生局,,5,,,"健檢醫院,地址,健檢服務時間,健檢諮詢電話,停車費"
232,嘉義市公共場所及職場哺集乳室地點,嘉義市政府衛生局,嘉義市政府,衛生局,,87,,,"公共場所名稱,地址,電話,開放時間,注意事項"
233,嘉義市政府衛生局及附屬單位地點,嘉義市政府衛生局,嘉義市政府,衛生局,,22,,,"部門名稱,為民服務項目,服務開放時段,地址,聯絡電話,聯絡電子信箱"
234,嘉義市公告無菸環境名單,嘉義市政府衛生局,嘉義市政府,衛生局,,117,,,"編號,地點,輔導年份,(禁菸範圍),經市政府公告,備註"
235,嘉義市保險套自動販賣機地點,嘉義市政府衛生局,嘉義市政府,衛生局,,7,,,"地點名稱,地址,種類"
236,嘉義市清潔針具販售地點與自動販賣機,嘉義市政府衛生局,嘉義市政府,衛生局,,15,,,"地點名稱,地址,種類"
237,嘉義市合法燃氣熱水器承裝業者名單,嘉義市政府,嘉義市政府,,,17,,,"編號,承裝業名稱,營業場所地址,連絡電話"
238,嘉義市合格滅火器藥劑更換及填充廠商名單,嘉義市政府,嘉義市政府,,,2,,,"編號,縣市別,廠商名稱,地址,電話,負責人,證書號碼,證書有效期限,執行業務範圍,備註"
239,嘉義市燃氣熱水器承裝業及其技術士合格名單,嘉義市政府,嘉義市政府,,,,,,"承裝業名稱,營業場所地址,營業場所電話,負責人姓名,技術士姓名,技術士證號,技術士證生效日期,任職日期,最近一次受訓日期"
240,嘉義市列管之狹小巷弄,嘉義市政府消防局,嘉義市政府,消防局,,62,,,"序號,轄區分隊,里別,名稱、地(址)段,最小寬度(公尺),最大寬度(公尺),是否為搶救困難地區(場所)救災必經之道路,是否為距離有人居住或使用之建築物超過140公尺之道路,距離有人居住或使用之建築物長度(公尺),是否地區內具4層樓以上處所,地區內具4層樓以上建築數量,本案紅線劃設是否完成"
241,嘉義市列管消防栓、水源統計,嘉義市政府消防局,嘉義市政府,消防局,,,,,"消防栓(地上式),消防栓(地下式),消防栓(合計),蓄水池(地上式),蓄水池(地下式),蓄水池(合計),游泳池,深水井,標示牌"
242,嘉義市山崩與地滑地質敏感區範圍圖,嘉義市政府,嘉義市政府,,,2,,,無
243,嘉義市土壤液化潛勢區資訊,嘉義市政府,嘉義市政府,,,2,,,無
244,歷年嘉義市住宅補貼辦理情形,嘉義市政府,嘉義市政府,,,,,,"年度及項目,中央計畫戶數,地方計畫戶數,申請戶數,複審合格,中央辦理戶數內,地方辦理戶數內,辦理戶數外"
245,嘉義市學童午餐食材供應商,嘉義市政府,嘉義市政府,,,5,,,"廠商名稱,電話,地址"
246,嘉義市公私立幼兒園名單,嘉義市政府,嘉義市政府,,,71,,,編號、設立別、幼兒園名稱、園長、幼兒園電話、幼兒園住址
247,嘉義市液化石油氣廠商清冊,嘉義市政府,嘉義市政府,,,49,,,"業者名稱,地址,電話"
248,嘉義市各公園綠地清冊,嘉義市政府,嘉義市政府,,,34,,,"編號,名稱,建造日期,面積(公頃),利用型態,所在里別"
249,歷年肥料檢驗不合格業者名單,嘉義市政府,嘉義市政府,,,,,,"公司名稱,代表人姓名,住址,違法產品商品名稱,違法產品品目,違法產品登記證字號,違法情節"
250,歷年農藥殘留檢測不合格業者名單,嘉義市政府,嘉義市政府,,,,,,"農民姓名,住址,產品,違法情節"
251,歷年農藥檢測不合格業者名單,嘉義市政府,嘉義市政府,,,,,,"公司名稱,代表人姓名,住址,違法產品商品名,違法產品製造日期,違法產品批號,違法情節"
252,嘉義市動物用藥品販賣業者名單,嘉義市政府,嘉義市政府,,,,,,"販賣業者,負責人,營業場地址,電話"
253,嘉義市動物醫院名單,嘉義市政府建設處,嘉義市政府,建設處,,,,,"醫院名稱(診療機構名稱),電話(聯絡方式),地址(所在位置)"
254,雲嘉嘉空氣盒子API,華碩雲端科技,華碩雲端科技,,,,,,請詳閱API說明文件
255,嘉義市合格地政士,嘉義市政府,嘉義市政府,,,,,,"姓名,電話,傳真,行動電話,證書字號,開業證書字號,執照有效期限,事務所名稱,事務所地址"
256,嘉義市地下水補注範圍圖,嘉義市政府,嘉義市政府,,,3,,,無
257,消費爭議協商調解案件統計表,嘉義市政府,嘉義市政府,,,,,,"年度,協商件數,調解件數"
258,國賠案件統計表,嘉義市政府,嘉義市政府,,,,,,"年度,件數"
259,訴願案件統計表,嘉義市政府,嘉義市政府,,,,,,"年度,件數"
260,嘉義市街頭藝人表演場地,嘉義市政府文化局,嘉義市政府,文化局,,,,,"場地管理及申請單位,地點,姓名,聯絡地址,電話,收費標準"
261,嘉義市立案演藝團隊名單,嘉義市政府,嘉義市政府,,,,,,"編號,立案團體名稱,成立日期,轉換非營利日期,府授文演字,演藝類別,表演性質1,代表人,團址,電話,email,人數"
262,鐵道藝術村駐村藝術家名單,嘉義市政府文化局,嘉義市政府,文化局,,,,,"姓名,電話"
263,嘉義市公共藝術地點,嘉義市政府文化局,嘉義市政府,文化局,,,,,"主類別,名稱,地址,創建年代,作者"
264,陳澄波畫架放置地點,嘉義市政府,嘉義市政府,,,,,,"編號,地點,畫作名稱"
265,嘉義市石猴雕塑地點,嘉義市政府,嘉義市政府,,,,,,"作品名稱,作者,完成時間,材質"
266,古道路線,嘉義市政府,嘉義市政府,,,,,,"起點,迄點"
267,史蹟資料館販售文創商品名單,嘉義市政府文化局,嘉義市政府,文化局,,,,,產品名稱
268,博物館販售文創商品名單,嘉義市政府文化局,嘉義市政府,文化局,,1,,,"品名,售價"
269,嘉義市合格消防設備業者名單,嘉義市政府消防局,嘉義市政府,消防局,,,,,證書字號、專技種類、姓名
270,政風處歷年受理財產申報人數,嘉義市政府,嘉義市政府,,,6,,,"年度,財產申報人數,說明"
271,嘉義市市有土地及建物財產統計,嘉義市政府,嘉義市政府,,,,,,土地、土地改良物、房屋建築及設備、機械及設備、交通及運輸設備、雜項設備、有價證券
272,游泳池水質檢驗結果清冊,嘉義市政府衛生局,嘉義市政府,衛生局,,270,,,檢體編號	檢體名稱	檢體來源	主檢驗項目1	檢驗結果	發布日期	備註說明
273,違規食品標示業者名單,嘉義市政府衛生局,嘉義市政府,衛生局,,286,,,項次	稽查項目	稽查日期	物品名稱	來源商名稱	來源商地址	製造商名稱	製造商地址	處辦情形
274,違規食品廣告業者名單,嘉義市政府衛生局,嘉義市政府,衛生局,,58,,,編號	名稱	來源	主項目1	結果	發布日期	備註說明
275,嘉義市藥癮戒治醫院名單,嘉義市政府衛生局,嘉義市政府,衛生局,,6,,,機構名稱	住址	電話	掛號科別/門診時間	服用美沙冬時間	服藥地點	備註
276,嘉義市電動二輪車充電站,嘉義市政府環保局,嘉義市政府,環保局,,,,,"編號(Id),名稱(Site),地址(Address),備註(Remark)"
277,嘉義市各機車排氣檢驗站站址資料,嘉義市政府,嘉義市政府,,,,,,"站號,檢驗站名稱,設立地址,電話"
278,嘉義市歷年土地徵收案件表,嘉義市政府,嘉義市政府,,,600,,,徵收案名；年度
279,嘉義市政府稅務局歲出政事別決算表,嘉義市政府財政稅務局,嘉義市政府,財政稅務局,,,,,"科目名稱,預算數,決算數,執行率"
280,查獲食品摻西藥違規名單,嘉義市政府衛生局,嘉義市政府,衛生局,,,,,產品名稱/違規廠商/違規情節/違反法條/查獲時間
281,嘉義市106年1至6月常備兵(常備兵役軍事訓練)各軍種徵集日期、概定配賦員額預告表,嘉義市政府,嘉義市政府,,,2,,,嘉義市106年1至6月常備兵(常備兵役軍事訓練)各軍種徵集日期、概定配賦員額預告表
282,各型汽車使用牌照稅稅額表,嘉義市政府財政稅務局,嘉義市政府,財政稅務局,,100,,,"汽缸總排氣量,車輛總類,全年應繳納稅額"
283,嘉義市私立就業服務機構名單,嘉義市政府,嘉義市政府,,,,,,"項次,許可證,機構名稱,機構地址,電話,停業"
284,嘉義市總預算歲出政事別預算總表,嘉義市政府,嘉義市政府,,,,,,"款,項,名稱,經常門(千元),資本門(千元),合計(千元)"
285,嘉義市東區門牌整編對照表,嘉義市東區戶政事務所,嘉義市政府,東區戶政事務所,,,,,嘉義市東區門牌整編對照表
286,嘉義市總預算歲出機關別預算總表,嘉義市政府,嘉義市政府,,,,,,"款,名稱,經常門(千元),資本門(千元),合計(千元)"
287,嘉義市東區105年1月至12月各里人口數統計,嘉義市東區戶政事務所,嘉義市政府,東區戶政事務所,,,,,"村里 ,鄰數 ,戶數 ,男 ,女,人數合計"
288,嘉義市逾期未辦繼承登記之土地建物清冊,嘉義市政府,嘉義市政府,,,,,,嘉義市逾期未辦繼承登記之土地建物清冊
289,嘉義市不動產經紀業,嘉義市政府,嘉義市政府,,,,,,"編號,公司名稱,聯絡電話,地址"
290,嘉義市珍貴樹木,嘉義市政府,嘉義市政府,,,48,,,FID、編號、樹種、座落地點、經緯度坐標
291,嘉義市役男體檢醫院,嘉義市政府,嘉義市政府,,,2,,,"醫院名稱,地址,電話,體檢地點"
292,嘉義市統計資料庫－竊盜案件統計,嘉義市政府,嘉義市政府,,,,,,"月份,縣市,竊盜案件發生數(件),竊盜案件破獲數(件),竊盜案件破獲率(%)"
293,嘉義市統計資料庫－刑事案件統計,嘉義市政府,嘉義市政府,,,,,,"月份,縣市,刑事案件發生數(件),刑事案件破獲數(件),刑事案件破獲率(%)"
294,嘉義市統計資料庫－道路交通事故統計,嘉義市政府,嘉義市政府,,,,,,"月份,縣市,道路交通事故件數(A1+A2類)(件),道路交通事故死亡人數(人),道路交通事故受傷人數(人)"
295,嘉義市政府暨所屬機關學校公教人員概況－教育程度分布情形,嘉義市政府,嘉義市政府,,,,,,"性別,總計,博士,碩士,大學畢業,專科,高中(職),國(初)中"
296,嘉義市觀光旅遊網－特色旅遊景點,嘉義市政府交通觀光處,嘉義市政府,交通觀光處,,60,,,"Id(景點編號),Name(名稱),Zone(景區編號),Toldescribe(詳細介紹),Description(簡介),Tel(電話),Add(地址),Zipcode(郵遞區號),Travellinginfo(交通方式),Opentime(開放時間),Picture1(照片網址1),Picdescribe1(照片說明1),Picture2(照片網址2),Picdescribe2(照片網說明2),Picture3(照片網址3),Picdescribe3(照片說明3),Map(地圖網址),Gov(權責機關代碼),Px(X坐標),Py(Y坐標),Orgclass(分類說明),Class1(分類代碼1),Class2(分類代碼2),Class3(分類代碼3),Level(古蹟分級),Website(網址),Parkinginfo(停車資訊),Parkinginfo_px(停車場X坐標),Parkinginfo_py(停車場Y坐標),Ticketinfo(售票資訊),Remarks(注意事項),Keyword(關鍵字),Changetime(最後更新時間)"
297,嘉義市觀光旅遊網－特色美食店家,嘉義市政府交通觀光處,嘉義市政府,交通觀光處,,150,,,"Id(編號),Name(店家名稱),Description(店家簡述),Add(地址),Zipcode(郵遞區號),Tel(電話),Opentime(營業時間),Website(店家網站連結),Picture1(照片1網址),Picdescribe1(照片1說明),Picture2(照片2網址),Picdescribe2(照片2說明),Picture3(照片3網址),Picdescribe3(照片3說明),Px(x坐標),Py(y坐標),Class(店家分類代碼),Map(地圖網址),Parkinginfo(停車資訊),Changetime(最後更新時間)"
298,嘉義市政府網站文件公告API,嘉義市政府智慧科技處,嘉義市政府,智慧科技處,,,,,"id(主鍵值),org(公告單位),subject(標題),HttpLink(網站連結),content(內文),files(附件連結),adate(最後更新日期)"
299,嘉義市政府網站活動消息API,嘉義市政府智慧科技處,嘉義市政府,智慧科技處,,3000,,,"id(主鍵值),subject(標題),ztype(活動類型),zzone(活動地點),SDate(開始日期),EDate(結束日期),org(公告單位),content(內文),images(圖片連結),files(附件連結),seditdate(最後更新日期)"
300,嘉義市政府網站徵才公告API,嘉義市政府智慧科技處,嘉義市政府,智慧科技處,,500,,,"id(主鍵值),subject(徵才機關),picb(職系),content(職稱),pica(官職等),picc(名額),focus(性別),picf(工作地點),SDate(有效起始日),EDate(有效截止日),picd(資格條件),pice(工作項目),check1(工作地址),check2(聯絡方式),HttpLink(備註),files(附件連結),seditdate(最後更新日期)"
301,嘉義市政府網站新聞API,嘉義市政府智慧科技處,嘉義市政府,智慧科技處,,40000,,,"id(主鍵值),SDate(發佈日期),EDate(結束日期),org(公告單位),content(內文),images(圖片連結),files(檔案連結),seditdata(最後更新日期)"
302,嘉義市私營停車場資訊,嘉義市政府交通觀光處,嘉義市政府,交通觀光處,,29,,,"證號,停車場名稱,收費方式,大客車,小客車,內含殘小車,機車,內含殘機車,負責人,設置地點、地號"
303,嘉義市公有路外停車場資訊,嘉義市政府交通觀光處,嘉義市政府,交通觀光處,,26,,,"停車場名稱,收費方式,停車場型式,大型車,小型車,身障車位,婦女車位,博愛車位,機車,內含殘機車,收費時段,承商,聯絡電話"
304,嘉義市即時交通資訊－車牌辨識AVI配對靜態資訊,嘉義市政府交通觀光處,嘉義市政府,交通觀光處,,,,,avipairidAVI 配對代碼、startaviid配對起始點設備代碼、endaviid配對結束點設備代碼、roadsection路段文字描述
305,嘉義市歷年緊急救護案件數統計,嘉義市政府消防局,嘉義市政府,消防局,,,,,"年度,出勤次數(次),送醫人數(人),未送醫次數(次),備註"
306,嘉義市政府員額配置表,嘉義市政府人事處,嘉義市政府,人事處,,,,,"單位,科別,市長,副市長,秘書長,參議,消費者保護官,處長,秘書,秘書,副處長,專員,技正,督學,專員,科長,社會工作師,科員,技士,技佐,技佐,辦事員,書記"
307,嘉義市政府暨所屬政風機構檢舉管道,嘉義市政府政風處,嘉義市政府,政風處,,6,,,"單位,電話,傳真,電子信箱,郵政信箱"
308,嘉義市公告設攤區(路)段,嘉義市政府,嘉義市政府,,,6,,,"設攤區(路)段名稱,位置"
309,嘉義市政府暨所屬機關學校公教人員概況－年齡分布情形,嘉義市政府,嘉義市政府,,,1,,,"性別,總計,平均年齡,24歲以下,25-29歲,30-34歲,35-39歲,40-44歲,45-49歲,50-54歲,55-59歲,60-64歲,65歲以上"
310,嘉義市公有零售市場,嘉義市政府,嘉義市政府,,,4,,,"市場名稱,地點,經緯度"
311,歷年嘉義市政府模範公務人員名單,嘉義市政府,嘉義市政府,,,40,,,"獲獎年度,服務單位,職稱,姓名,優良事蹟,備註"
312,嘉義市設有特教班之學校,嘉義市政府教育處,嘉義市政府,教育處,,50,,,"類別,班別,學校,班數"
313,嘉義市流浪犬收容中心捕捉公告,嘉義市政府建設處,嘉義市政府,建設處,,,,,"捕捉日期,捕捉地點,品種,性別,體型,捕捉來源,備註,圖片連結網址"
314,嘉義市歷年違反勞動基準法業者名單公告,嘉義市政府,嘉義市政府,,,,,,"項次,事業單位或事業主之名稱、負責人姓名,處分日期及文號,違反法令條款,違反法規內容,備註"
315,歷屆嘉義市十大伴手禮店家,嘉義市政府,嘉義市政府,,,,,,"獎項,獲獎店家,入選商品,店家地址"
316,嘉義市山坡地範圍圖資,嘉義市政府,嘉義市政府,,,,,,經緯度坐標
317,嘉義市錄影節目帶租售業者名單,嘉義市政府,嘉義市政府,,,8,,,"店名,店址,電話"
